TrialID,BlockID,RefLoc,nTestDots,RefPaths,TestPaths,Responses,RT,TestMore,CorrectReponses
1,1,0,20,stimuli/main/ref_images/img_10_063.png,stimuli/main/test_images/img_20_463.png,-1,-1,-1,1
2,1,1,5,stimuli/main/ref_images/img_10_064.png,stimuli/main/test_images/img_05_464.png,-1,-1,-1,1
3,1,1,6,stimuli/main/ref_images/img_10_310.png,stimuli/main/test_images/img_06_460.png,-1,-1,-1,1
4,1,1,6,stimuli/main/ref_images/img_10_030.png,stimuli/main/test_images/img_06_480.png,-1,-1,-1,1
5,1,0,10,stimuli/main/ref_images/img_10_130.png,stimuli/main/test_images/img_10_480.png,-1,-1,-1,0
6,1,1,10,stimuli/main/ref_images/img_10_123.png,stimuli/main/test_images/img_10_473.png,-1,-1,-1,1
7,1,0,5,stimuli/main/ref_images/img_10_113.png,stimuli/main/test_images/img_05_463.png,-1,-1,-1,0
8,1,0,10,stimuli/main/ref_images/img_10_249.png,stimuli/main/test_images/img_10_499.png,-1,-1,-1,0
9,1,0,10,stimuli/main/ref_images/img_10_067.png,stimuli/main/test_images/img_10_467.png,-1,-1,-1,0
10,1,0,12,stimuli/main/ref_images/img_10_194.png,stimuli/main/test_images/img_12_494.png,-1,-1,-1,1
11,1,0,12,stimuli/main/ref_images/img_10_173.png,stimuli/main/test_images/img_12_473.png,-1,-1,-1,1
12,1,1,10,stimuli/main/ref_images/img_10_228.png,stimuli/main/test_images/img_10_478.png,-1,-1,-1,1
13,1,0,5,stimuli/main/ref_images/img_10_148.png,stimuli/main/test_images/img_05_498.png,-1,-1,-1,0
14,1,0,16,stimuli/main/ref_images/img_10_181.png,stimuli/main/test_images/img_16_481.png,-1,-1,-1,1
15,1,0,5,stimuli/main/ref_images/img_10_127.png,stimuli/main/test_images/img_05_477.png,-1,-1,-1,0
16,1,0,20,stimuli/main/ref_images/img_10_329.png,stimuli/main/test_images/img_20_479.png,-1,-1,-1,1
17,1,1,12,stimuli/main/ref_images/img_10_159.png,stimuli/main/test_images/img_12_459.png,-1,-1,-1,0
18,1,0,10,stimuli/main/ref_images/img_10_151.png,stimuli/main/test_images/img_10_451.png,-1,-1,-1,0
19,1,1,16,stimuli/main/ref_images/img_10_034.png,stimuli/main/test_images/img_16_484.png,-1,-1,-1,0
20,1,0,16,stimuli/main/ref_images/img_10_286.png,stimuli/main/test_images/img_16_486.png,-1,-1,-1,1
21,1,0,5,stimuli/main/ref_images/img_10_218.png,stimuli/main/test_images/img_05_468.png,-1,-1,-1,0
22,1,0,5,stimuli/main/ref_images/img_10_253.png,stimuli/main/test_images/img_05_453.png,-1,-1,-1,0
23,1,1,20,stimuli/main/ref_images/img_10_308.png,stimuli/main/test_images/img_20_458.png,-1,-1,-1,0
24,1,0,6,stimuli/main/ref_images/img_10_100.png,stimuli/main/test_images/img_06_500.png,-1,-1,-1,0
25,1,1,20,stimuli/main/ref_images/img_10_343.png,stimuli/main/test_images/img_20_493.png,-1,-1,-1,0
26,1,1,10,stimuli/main/ref_images/img_10_319.png,stimuli/main/test_images/img_10_469.png,-1,-1,-1,1
27,1,0,6,stimuli/main/ref_images/img_10_317.png,stimuli/main/test_images/img_06_467.png,-1,-1,-1,0
28,1,0,5,stimuli/main/ref_images/img_10_043.png,stimuli/main/test_images/img_05_493.png,-1,-1,-1,0
29,1,1,20,stimuli/main/ref_images/img_10_294.png,stimuli/main/test_images/img_20_494.png,-1,-1,-1,0
30,1,0,20,stimuli/main/ref_images/img_10_021.png,stimuli/main/test_images/img_20_471.png,-1,-1,-1,1
31,1,0,6,stimuli/main/ref_images/img_10_331.png,stimuli/main/test_images/img_06_481.png,-1,-1,-1,0
32,1,0,5,stimuli/main/ref_images/img_10_274.png,stimuli/main/test_images/img_05_474.png,-1,-1,-1,0
33,1,0,5,stimuli/main/ref_images/img_10_085.png,stimuli/main/test_images/img_05_485.png,-1,-1,-1,0
34,1,1,16,stimuli/main/ref_images/img_10_146.png,stimuli/main/test_images/img_16_496.png,-1,-1,-1,0
35,1,1,8,stimuli/main/ref_images/img_10_318.png,stimuli/main/test_images/img_08_468.png,-1,-1,-1,1
36,1,0,5,stimuli/main/ref_images/img_10_099.png,stimuli/main/test_images/img_05_499.png,-1,-1,-1,0
37,1,1,6,stimuli/main/ref_images/img_10_065.png,stimuli/main/test_images/img_06_465.png,-1,-1,-1,1
38,1,1,10,stimuli/main/ref_images/img_10_193.png,stimuli/main/test_images/img_10_493.png,-1,-1,-1,1
39,1,0,5,stimuli/main/ref_images/img_10_134.png,stimuli/main/test_images/img_05_484.png,-1,-1,-1,0
40,1,0,20,stimuli/main/ref_images/img_10_126.png,stimuli/main/test_images/img_20_476.png,-1,-1,-1,1
41,1,0,8,stimuli/main/ref_images/img_10_171.png,stimuli/main/test_images/img_08_471.png,-1,-1,-1,0
42,1,1,10,stimuli/main/ref_images/img_10_256.png,stimuli/main/test_images/img_10_456.png,-1,-1,-1,1
43,1,0,8,stimuli/main/ref_images/img_10_325.png,stimuli/main/test_images/img_08_475.png,-1,-1,-1,0
44,1,1,6,stimuli/main/ref_images/img_10_177.png,stimuli/main/test_images/img_06_477.png,-1,-1,-1,1
45,1,1,10,stimuli/main/ref_images/img_10_270.png,stimuli/main/test_images/img_10_470.png,-1,-1,-1,1
46,1,1,16,stimuli/main/ref_images/img_10_321.png,stimuli/main/test_images/img_16_471.png,-1,-1,-1,0
47,1,0,20,stimuli/main/ref_images/img_10_280.png,stimuli/main/test_images/img_20_480.png,-1,-1,-1,1
48,1,0,5,stimuli/main/ref_images/img_10_281.png,stimuli/main/test_images/img_05_481.png,-1,-1,-1,0
49,1,1,8,stimuli/main/ref_images/img_10_262.png,stimuli/main/test_images/img_08_462.png,-1,-1,-1,1
50,1,0,8,stimuli/main/ref_images/img_10_024.png,stimuli/main/test_images/img_08_474.png,-1,-1,-1,0
51,1,0,16,stimuli/main/ref_images/img_10_076.png,stimuli/main/test_images/img_16_476.png,-1,-1,-1,1
52,1,1,6,stimuli/main/ref_images/img_10_107.png,stimuli/main/test_images/img_06_457.png,-1,-1,-1,1
53,1,0,5,stimuli/main/ref_images/img_10_141.png,stimuli/main/test_images/img_05_491.png,-1,-1,-1,0
54,1,0,16,stimuli/main/ref_images/img_10_132.png,stimuli/main/test_images/img_16_482.png,-1,-1,-1,1
55,1,1,16,stimuli/main/ref_images/img_10_342.png,stimuli/main/test_images/img_16_492.png,-1,-1,-1,0
56,1,1,5,stimuli/main/ref_images/img_10_330.png,stimuli/main/test_images/img_05_480.png,-1,-1,-1,1
57,1,1,12,stimuli/main/ref_images/img_10_250.png,stimuli/main/test_images/img_12_500.png,-1,-1,-1,0
58,1,0,5,stimuli/main/ref_images/img_10_029.png,stimuli/main/test_images/img_05_479.png,-1,-1,-1,0
59,1,0,8,stimuli/main/ref_images/img_10_199.png,stimuli/main/test_images/img_08_499.png,-1,-1,-1,0
60,1,0,5,stimuli/main/ref_images/img_10_036.png,stimuli/main/test_images/img_05_486.png,-1,-1,-1,0
61,1,1,8,stimuli/main/ref_images/img_10_206.png,stimuli/main/test_images/img_08_456.png,-1,-1,-1,1
62,1,0,8,stimuli/main/ref_images/img_10_178.png,stimuli/main/test_images/img_08_478.png,-1,-1,-1,0
63,1,1,12,stimuli/main/ref_images/img_10_012.png,stimuli/main/test_images/img_12_462.png,-1,-1,-1,0
64,1,0,6,stimuli/main/ref_images/img_10_044.png,stimuli/main/test_images/img_06_494.png,-1,-1,-1,0
65,1,1,10,stimuli/main/ref_images/img_10_207.png,stimuli/main/test_images/img_10_457.png,-1,-1,-1,1
66,1,1,12,stimuli/main/ref_images/img_10_026.png,stimuli/main/test_images/img_12_476.png,-1,-1,-1,0
67,1,1,16,stimuli/main/ref_images/img_10_202.png,stimuli/main/test_images/img_16_452.png,-1,-1,-1,0
68,1,1,5,stimuli/main/ref_images/img_10_267.png,stimuli/main/test_images/img_05_467.png,-1,-1,-1,1
69,1,1,6,stimuli/main/ref_images/img_10_226.png,stimuli/main/test_images/img_06_476.png,-1,-1,-1,1
70,1,1,12,stimuli/main/ref_images/img_10_187.png,stimuli/main/test_images/img_12_487.png,-1,-1,-1,0
71,2,1,20,stimuli/main/ref_images/img_10_273.png,stimuli/main/test_images/img_20_473.png,-1,-1,-1,0
72,2,1,8,stimuli/main/ref_images/img_10_017.png,stimuli/main/test_images/img_08_467.png,-1,-1,-1,1
73,2,1,6,stimuli/main/ref_images/img_10_016.png,stimuli/main/test_images/img_06_466.png,-1,-1,-1,1
74,2,1,16,stimuli/main/ref_images/img_10_314.png,stimuli/main/test_images/img_16_464.png,-1,-1,-1,0
75,2,1,20,stimuli/main/ref_images/img_10_098.png,stimuli/main/test_images/img_20_498.png,-1,-1,-1,0
76,2,0,8,stimuli/main/ref_images/img_10_115.png,stimuli/main/test_images/img_08_465.png,-1,-1,-1,0
77,2,0,10,stimuli/main/ref_images/img_10_102.png,stimuli/main/test_images/img_10_452.png,-1,-1,-1,0
78,2,1,12,stimuli/main/ref_images/img_10_299.png,stimuli/main/test_images/img_12_499.png,-1,-1,-1,0
79,2,0,8,stimuli/main/ref_images/img_10_143.png,stimuli/main/test_images/img_08_493.png,-1,-1,-1,0
80,2,0,6,stimuli/main/ref_images/img_10_121.png,stimuli/main/test_images/img_06_471.png,-1,-1,-1,0
81,2,1,8,stimuli/main/ref_images/img_10_129.png,stimuli/main/test_images/img_08_479.png,-1,-1,-1,1
82,2,0,10,stimuli/main/ref_images/img_10_039.png,stimuli/main/test_images/img_10_489.png,-1,-1,-1,0
83,2,0,6,stimuli/main/ref_images/img_10_261.png,stimuli/main/test_images/img_06_461.png,-1,-1,-1,0
84,2,1,5,stimuli/main/ref_images/img_10_008.png,stimuli/main/test_images/img_05_458.png,-1,-1,-1,1
85,2,0,12,stimuli/main/ref_images/img_10_005.png,stimuli/main/test_images/img_12_455.png,-1,-1,-1,1
86,2,1,16,stimuli/main/ref_images/img_10_167.png,stimuli/main/test_images/img_16_467.png,-1,-1,-1,0
87,2,0,8,stimuli/main/ref_images/img_10_066.png,stimuli/main/test_images/img_08_466.png,-1,-1,-1,0
88,2,0,10,stimuli/main/ref_images/img_10_284.png,stimuli/main/test_images/img_10_484.png,-1,-1,-1,0
89,2,0,6,stimuli/main/ref_images/img_10_219.png,stimuli/main/test_images/img_06_469.png,-1,-1,-1,0
90,2,0,16,stimuli/main/ref_images/img_10_209.png,stimuli/main/test_images/img_16_459.png,-1,-1,-1,1
91,2,1,20,stimuli/main/ref_images/img_10_196.png,stimuli/main/test_images/img_20_496.png,-1,-1,-1,0
92,2,1,5,stimuli/main/ref_images/img_10_295.png,stimuli/main/test_images/img_05_495.png,-1,-1,-1,1
93,2,0,5,stimuli/main/ref_images/img_10_190.png,stimuli/main/test_images/img_05_490.png,-1,-1,-1,0
94,2,1,6,stimuli/main/ref_images/img_10_086.png,stimuli/main/test_images/img_06_486.png,-1,-1,-1,1
95,2,1,16,stimuli/main/ref_images/img_10_258.png,stimuli/main/test_images/img_16_458.png,-1,-1,-1,0
96,2,0,16,stimuli/main/ref_images/img_10_160.png,stimuli/main/test_images/img_16_460.png,-1,-1,-1,1
97,2,0,6,stimuli/main/ref_images/img_10_198.png,stimuli/main/test_images/img_06_498.png,-1,-1,-1,0
98,2,0,5,stimuli/main/ref_images/img_10_316.png,stimuli/main/test_images/img_05_466.png,-1,-1,-1,0
99,2,1,6,stimuli/main/ref_images/img_10_072.png,stimuli/main/test_images/img_06_472.png,-1,-1,-1,1
100,2,0,12,stimuli/main/ref_images/img_10_054.png,stimuli/main/test_images/img_12_454.png,-1,-1,-1,1
101,2,0,12,stimuli/main/ref_images/img_10_166.png,stimuli/main/test_images/img_12_466.png,-1,-1,-1,1
102,2,1,6,stimuli/main/ref_images/img_10_345.png,stimuli/main/test_images/img_06_495.png,-1,-1,-1,1
103,2,0,20,stimuli/main/ref_images/img_10_154.png,stimuli/main/test_images/img_20_454.png,-1,-1,-1,1
104,2,0,16,stimuli/main/ref_images/img_10_230.png,stimuli/main/test_images/img_16_480.png,-1,-1,-1,1
105,2,1,5,stimuli/main/ref_images/img_10_309.png,stimuli/main/test_images/img_05_459.png,-1,-1,-1,1
106,2,0,8,stimuli/main/ref_images/img_10_073.png,stimuli/main/test_images/img_08_473.png,-1,-1,-1,0
107,2,0,6,stimuli/main/ref_images/img_10_289.png,stimuli/main/test_images/img_06_489.png,-1,-1,-1,0
108,2,1,5,stimuli/main/ref_images/img_10_197.png,stimuli/main/test_images/img_05_497.png,-1,-1,-1,1
109,2,1,12,stimuli/main/ref_images/img_10_075.png,stimuli/main/test_images/img_12_475.png,-1,-1,-1,0
110,2,1,16,stimuli/main/ref_images/img_10_069.png,stimuli/main/test_images/img_16_469.png,-1,-1,-1,0
111,2,1,6,stimuli/main/ref_images/img_10_184.png,stimuli/main/test_images/img_06_484.png,-1,-1,-1,1
112,2,0,10,stimuli/main/ref_images/img_10_186.png,stimuli/main/test_images/img_10_486.png,-1,-1,-1,0
113,2,1,16,stimuli/main/ref_images/img_10_328.png,stimuli/main/test_images/img_16_478.png,-1,-1,-1,0
114,2,0,6,stimuli/main/ref_images/img_10_135.png,stimuli/main/test_images/img_06_485.png,-1,-1,-1,0
115,2,0,6,stimuli/main/ref_images/img_10_324.png,stimuli/main/test_images/img_06_474.png,-1,-1,-1,0
116,2,0,8,stimuli/main/ref_images/img_10_003.png,stimuli/main/test_images/img_08_453.png,-1,-1,-1,0
117,2,1,12,stimuli/main/ref_images/img_10_313.png,stimuli/main/test_images/img_12_463.png,-1,-1,-1,0
118,2,0,5,stimuli/main/ref_images/img_10_015.png,stimuli/main/test_images/img_05_465.png,-1,-1,-1,0
119,2,1,6,stimuli/main/ref_images/img_10_296.png,stimuli/main/test_images/img_06_496.png,-1,-1,-1,1
120,2,1,5,stimuli/main/ref_images/img_10_246.png,stimuli/main/test_images/img_05_496.png,-1,-1,-1,1
121,2,0,5,stimuli/main/ref_images/img_10_225.png,stimuli/main/test_images/img_05_475.png,-1,-1,-1,0
122,2,1,20,stimuli/main/ref_images/img_10_056.png,stimuli/main/test_images/img_20_456.png,-1,-1,-1,0
123,2,1,8,stimuli/main/ref_images/img_10_227.png,stimuli/main/test_images/img_08_477.png,-1,-1,-1,1
124,2,0,6,stimuli/main/ref_images/img_10_079.png,stimuli/main/test_images/img_06_479.png,-1,-1,-1,0
125,2,1,8,stimuli/main/ref_images/img_10_108.png,stimuli/main/test_images/img_08_458.png,-1,-1,-1,1
126,2,0,10,stimuli/main/ref_images/img_10_200.png,stimuli/main/test_images/img_10_500.png,-1,-1,-1,0
127,2,0,8,stimuli/main/ref_images/img_10_290.png,stimuli/main/test_images/img_08_490.png,-1,-1,-1,0
128,2,1,10,stimuli/main/ref_images/img_10_011.png,stimuli/main/test_images/img_10_461.png,-1,-1,-1,1
129,2,1,8,stimuli/main/ref_images/img_10_234.png,stimuli/main/test_images/img_08_484.png,-1,-1,-1,1
130,2,0,12,stimuli/main/ref_images/img_10_320.png,stimuli/main/test_images/img_12_470.png,-1,-1,-1,1
131,2,1,12,stimuli/main/ref_images/img_10_278.png,stimuli/main/test_images/img_12_478.png,-1,-1,-1,0
132,2,1,20,stimuli/main/ref_images/img_10_224.png,stimuli/main/test_images/img_20_474.png,-1,-1,-1,0
133,2,0,6,stimuli/main/ref_images/img_10_002.png,stimuli/main/test_images/img_06_452.png,-1,-1,-1,0
134,2,0,10,stimuli/main/ref_images/img_10_298.png,stimuli/main/test_images/img_10_498.png,-1,-1,-1,0
135,2,0,8,stimuli/main/ref_images/img_10_192.png,stimuli/main/test_images/img_08_492.png,-1,-1,-1,0
136,2,0,12,stimuli/main/ref_images/img_10_033.png,stimuli/main/test_images/img_12_483.png,-1,-1,-1,1
137,2,0,12,stimuli/main/ref_images/img_10_068.png,stimuli/main/test_images/img_12_468.png,-1,-1,-1,1
138,2,1,20,stimuli/main/ref_images/img_10_049.png,stimuli/main/test_images/img_20_499.png,-1,-1,-1,0
139,2,0,8,stimuli/main/ref_images/img_10_122.png,stimuli/main/test_images/img_08_472.png,-1,-1,-1,0
140,2,0,6,stimuli/main/ref_images/img_10_009.png,stimuli/main/test_images/img_06_459.png,-1,-1,-1,0
141,3,0,6,stimuli/main/ref_images/img_10_205.png,stimuli/main/test_images/img_06_455.png,-1,-1,-1,0
142,3,1,20,stimuli/main/ref_images/img_10_140.png,stimuli/main/test_images/img_20_490.png,-1,-1,-1,0
143,3,0,12,stimuli/main/ref_images/img_10_019.png,stimuli/main/test_images/img_12_469.png,-1,-1,-1,1
144,3,1,5,stimuli/main/ref_images/img_10_120.png,stimuli/main/test_images/img_05_470.png,-1,-1,-1,1
145,3,1,20,stimuli/main/ref_images/img_10_091.png,stimuli/main/test_images/img_20_491.png,-1,-1,-1,0
146,3,0,12,stimuli/main/ref_images/img_10_257.png,stimuli/main/test_images/img_12_457.png,-1,-1,-1,1
147,3,1,20,stimuli/main/ref_images/img_10_322.png,stimuli/main/test_images/img_20_472.png,-1,-1,-1,0
148,3,1,5,stimuli/main/ref_images/img_10_204.png,stimuli/main/test_images/img_05_454.png,-1,-1,-1,1
149,3,1,5,stimuli/main/ref_images/img_10_169.png,stimuli/main/test_images/img_05_469.png,-1,-1,-1,1
150,3,1,8,stimuli/main/ref_images/img_10_087.png,stimuli/main/test_images/img_08_487.png,-1,-1,-1,1
151,3,1,12,stimuli/main/ref_images/img_10_082.png,stimuli/main/test_images/img_12_482.png,-1,-1,-1,0
152,3,0,10,stimuli/main/ref_images/img_10_333.png,stimuli/main/test_images/img_10_483.png,-1,-1,-1,0
153,3,0,20,stimuli/main/ref_images/img_10_287.png,stimuli/main/test_images/img_20_487.png,-1,-1,-1,1
154,3,0,10,stimuli/main/ref_images/img_10_235.png,stimuli/main/test_images/img_10_485.png,-1,-1,-1,0
155,3,0,10,stimuli/main/ref_images/img_10_095.png,stimuli/main/test_images/img_10_495.png,-1,-1,-1,0
156,3,0,20,stimuli/main/ref_images/img_10_007.png,stimuli/main/test_images/img_20_457.png,-1,-1,-1,1
157,3,1,12,stimuli/main/ref_images/img_10_341.png,stimuli/main/test_images/img_12_491.png,-1,-1,-1,0
158,3,1,6,stimuli/main/ref_images/img_10_093.png,stimuli/main/test_images/img_06_493.png,-1,-1,-1,1
159,3,1,16,stimuli/main/ref_images/img_10_090.png,stimuli/main/test_images/img_16_490.png,-1,-1,-1,0
160,3,1,10,stimuli/main/ref_images/img_10_277.png,stimuli/main/test_images/img_10_477.png,-1,-1,-1,1
161,3,1,16,stimuli/main/ref_images/img_10_251.png,stimuli/main/test_images/img_16_451.png,-1,-1,-1,0
162,3,0,12,stimuli/main/ref_images/img_10_229.png,stimuli/main/test_images/img_12_479.png,-1,-1,-1,1
163,3,0,16,stimuli/main/ref_images/img_10_083.png,stimuli/main/test_images/img_16_483.png,-1,-1,-1,1
164,3,1,6,stimuli/main/ref_images/img_10_275.png,stimuli/main/test_images/img_06_475.png,-1,-1,-1,1
165,3,0,12,stimuli/main/ref_images/img_10_222.png,stimuli/main/test_images/img_12_472.png,-1,-1,-1,1
166,3,1,6,stimuli/main/ref_images/img_10_247.png,stimuli/main/test_images/img_06_497.png,-1,-1,-1,1
167,3,0,20,stimuli/main/ref_images/img_10_301.png,stimuli/main/test_images/img_20_451.png,-1,-1,-1,1
168,3,0,20,stimuli/main/ref_images/img_10_112.png,stimuli/main/test_images/img_20_462.png,-1,-1,-1,1
169,3,1,16,stimuli/main/ref_images/img_10_097.png,stimuli/main/test_images/img_16_497.png,-1,-1,-1,0
170,3,0,10,stimuli/main/ref_images/img_10_004.png,stimuli/main/test_images/img_10_454.png,-1,-1,-1,0
171,3,1,5,stimuli/main/ref_images/img_10_162.png,stimuli/main/test_images/img_05_462.png,-1,-1,-1,1
172,3,1,16,stimuli/main/ref_images/img_10_195.png,stimuli/main/test_images/img_16_495.png,-1,-1,-1,0
173,3,0,12,stimuli/main/ref_images/img_10_096.png,stimuli/main/test_images/img_12_496.png,-1,-1,-1,1
174,3,1,16,stimuli/main/ref_images/img_10_048.png,stimuli/main/test_images/img_16_498.png,-1,-1,-1,0
175,3,0,16,stimuli/main/ref_images/img_10_279.png,stimuli/main/test_images/img_16_479.png,-1,-1,-1,1
176,3,1,20,stimuli/main/ref_images/img_10_350.png,stimuli/main/test_images/img_20_500.png,-1,-1,-1,0
177,3,0,10,stimuli/main/ref_images/img_10_312.png,stimuli/main/test_images/img_10_462.png,-1,-1,-1,0
178,3,1,20,stimuli/main/ref_images/img_10_077.png,stimuli/main/test_images/img_20_477.png,-1,-1,-1,0
179,3,0,10,stimuli/main/ref_images/img_10_018.png,stimuli/main/test_images/img_10_468.png,-1,-1,-1,0
180,3,0,10,stimuli/main/ref_images/img_10_053.png,stimuli/main/test_images/img_10_453.png,-1,-1,-1,0
181,3,0,20,stimuli/main/ref_images/img_10_238.png,stimuli/main/test_images/img_20_488.png,-1,-1,-1,1
182,3,1,5,stimuli/main/ref_images/img_10_176.png,stimuli/main/test_images/img_05_476.png,-1,-1,-1,1
183,3,0,10,stimuli/main/ref_images/img_10_291.png,stimuli/main/test_images/img_10_491.png,-1,-1,-1,0
184,3,1,10,stimuli/main/ref_images/img_10_116.png,stimuli/main/test_images/img_10_466.png,-1,-1,-1,1
185,3,1,12,stimuli/main/ref_images/img_10_348.png,stimuli/main/test_images/img_12_498.png,-1,-1,-1,0
186,3,0,8,stimuli/main/ref_images/img_10_038.png,stimuli/main/test_images/img_08_488.png,-1,-1,-1,0
187,3,1,20,stimuli/main/ref_images/img_10_315.png,stimuli/main/test_images/img_20_465.png,-1,-1,-1,0
188,3,1,20,stimuli/main/ref_images/img_10_070.png,stimuli/main/test_images/img_20_470.png,-1,-1,-1,0
189,3,0,20,stimuli/main/ref_images/img_10_252.png,stimuli/main/test_images/img_20_452.png,-1,-1,-1,1
190,3,0,20,stimuli/main/ref_images/img_10_028.png,stimuli/main/test_images/img_20_478.png,-1,-1,-1,1
191,3,1,6,stimuli/main/ref_images/img_10_268.png,stimuli/main/test_images/img_06_468.png,-1,-1,-1,1
192,3,1,10,stimuli/main/ref_images/img_10_263.png,stimuli/main/test_images/img_10_463.png,-1,-1,-1,1
193,3,0,12,stimuli/main/ref_images/img_10_152.png,stimuli/main/test_images/img_12_452.png,-1,-1,-1,1
194,3,1,5,stimuli/main/ref_images/img_10_232.png,stimuli/main/test_images/img_05_482.png,-1,-1,-1,1
195,3,1,20,stimuli/main/ref_images/img_10_210.png,stimuli/main/test_images/img_20_460.png,-1,-1,-1,0
196,3,0,8,stimuli/main/ref_images/img_10_241.png,stimuli/main/test_images/img_08_491.png,-1,-1,-1,0
197,3,0,5,stimuli/main/ref_images/img_10_057.png,stimuli/main/test_images/img_05_457.png,-1,-1,-1,0
198,3,1,10,stimuli/main/ref_images/img_10_165.png,stimuli/main/test_images/img_10_465.png,-1,-1,-1,1
199,3,0,10,stimuli/main/ref_images/img_10_326.png,stimuli/main/test_images/img_10_476.png,-1,-1,-1,0
200,3,1,20,stimuli/main/ref_images/img_10_336.png,stimuli/main/test_images/img_20_486.png,-1,-1,-1,0
201,3,0,6,stimuli/main/ref_images/img_10_191.png,stimuli/main/test_images/img_06_491.png,-1,-1,-1,0
202,3,1,20,stimuli/main/ref_images/img_10_014.png,stimuli/main/test_images/img_20_464.png,-1,-1,-1,0
203,3,0,10,stimuli/main/ref_images/img_10_137.png,stimuli/main/test_images/img_10_487.png,-1,-1,-1,0
204,3,1,20,stimuli/main/ref_images/img_10_035.png,stimuli/main/test_images/img_20_485.png,-1,-1,-1,0
205,3,0,10,stimuli/main/ref_images/img_10_088.png,stimuli/main/test_images/img_10_488.png,-1,-1,-1,0
206,3,1,20,stimuli/main/ref_images/img_10_119.png,stimuli/main/test_images/img_20_469.png,-1,-1,-1,0
207,3,1,8,stimuli/main/ref_images/img_10_136.png,stimuli/main/test_images/img_08_486.png,-1,-1,-1,1
208,3,1,16,stimuli/main/ref_images/img_10_300.png,stimuli/main/test_images/img_16_500.png,-1,-1,-1,0
209,3,0,6,stimuli/main/ref_images/img_10_156.png,stimuli/main/test_images/img_06_456.png,-1,-1,-1,0
210,3,0,8,stimuli/main/ref_images/img_10_283.png,stimuli/main/test_images/img_08_483.png,-1,-1,-1,0
211,4,1,16,stimuli/main/ref_images/img_10_027.png,stimuli/main/test_images/img_16_477.png,-1,-1,-1,0
212,4,1,16,stimuli/main/ref_images/img_10_118.png,stimuli/main/test_images/img_16_468.png,-1,-1,-1,0
213,4,1,16,stimuli/main/ref_images/img_10_216.png,stimuli/main/test_images/img_16_466.png,-1,-1,-1,0
214,4,1,5,stimuli/main/ref_images/img_10_260.png,stimuli/main/test_images/img_05_460.png,-1,-1,-1,1
215,4,0,12,stimuli/main/ref_images/img_10_124.png,stimuli/main/test_images/img_12_474.png,-1,-1,-1,1
216,4,1,5,stimuli/main/ref_images/img_10_050.png,stimuli/main/test_images/img_05_500.png,-1,-1,-1,1
217,4,1,12,stimuli/main/ref_images/img_10_208.png,stimuli/main/test_images/img_12_458.png,-1,-1,-1,0
218,4,1,6,stimuli/main/ref_images/img_10_114.png,stimuli/main/test_images/img_06_464.png,-1,-1,-1,1
219,4,1,10,stimuli/main/ref_images/img_10_081.png,stimuli/main/test_images/img_10_481.png,-1,-1,-1,1
220,4,0,5,stimuli/main/ref_images/img_10_337.png,stimuli/main/test_images/img_05_487.png,-1,-1,-1,0
221,4,1,8,stimuli/main/ref_images/img_10_185.png,stimuli/main/test_images/img_08_485.png,-1,-1,-1,1
222,4,0,12,stimuli/main/ref_images/img_10_110.png,stimuli/main/test_images/img_12_460.png,-1,-1,-1,1
223,4,1,20,stimuli/main/ref_images/img_10_245.png,stimuli/main/test_images/img_20_495.png,-1,-1,-1,0
224,4,1,16,stimuli/main/ref_images/img_10_139.png,stimuli/main/test_images/img_16_489.png,-1,-1,-1,0
225,4,0,10,stimuli/main/ref_images/img_10_144.png,stimuli/main/test_images/img_10_494.png,-1,-1,-1,0
226,4,1,10,stimuli/main/ref_images/img_10_347.png,stimuli/main/test_images/img_10_497.png,-1,-1,-1,1
227,4,0,20,stimuli/main/ref_images/img_10_161.png,stimuli/main/test_images/img_20_461.png,-1,-1,-1,1
228,4,0,6,stimuli/main/ref_images/img_10_254.png,stimuli/main/test_images/img_06_454.png,-1,-1,-1,0
229,4,1,8,stimuli/main/ref_images/img_10_339.png,stimuli/main/test_images/img_08_489.png,-1,-1,-1,1
230,4,0,20,stimuli/main/ref_images/img_10_203.png,stimuli/main/test_images/img_20_453.png,-1,-1,-1,1
231,4,1,12,stimuli/main/ref_images/img_10_138.png,stimuli/main/test_images/img_12_488.png,-1,-1,-1,0
232,4,1,12,stimuli/main/ref_images/img_10_334.png,stimuli/main/test_images/img_12_484.png,-1,-1,-1,0
233,4,1,8,stimuli/main/ref_images/img_10_052.png,stimuli/main/test_images/img_08_452.png,-1,-1,-1,1
234,4,1,8,stimuli/main/ref_images/img_10_346.png,stimuli/main/test_images/img_08_496.png,-1,-1,-1,1
235,4,1,8,stimuli/main/ref_images/img_10_213.png,stimuli/main/test_images/img_08_463.png,-1,-1,-1,1
236,4,1,6,stimuli/main/ref_images/img_10_023.png,stimuli/main/test_images/img_06_473.png,-1,-1,-1,1
237,4,0,16,stimuli/main/ref_images/img_10_223.png,stimuli/main/test_images/img_16_473.png,-1,-1,-1,1
238,4,0,8,stimuli/main/ref_images/img_10_080.png,stimuli/main/test_images/img_08_480.png,-1,-1,-1,0
239,4,1,10,stimuli/main/ref_images/img_10_046.png,stimuli/main/test_images/img_10_496.png,-1,-1,-1,1
240,4,0,12,stimuli/main/ref_images/img_10_201.png,stimuli/main/test_images/img_12_451.png,-1,-1,-1,1
241,4,1,16,stimuli/main/ref_images/img_10_335.png,stimuli/main/test_images/img_16_485.png,-1,-1,-1,0
242,4,1,8,stimuli/main/ref_images/img_10_010.png,stimuli/main/test_images/img_08_460.png,-1,-1,-1,1
243,4,1,16,stimuli/main/ref_images/img_10_055.png,stimuli/main/test_images/img_16_455.png,-1,-1,-1,0
244,4,0,10,stimuli/main/ref_images/img_10_179.png,stimuli/main/test_images/img_10_479.png,-1,-1,-1,0
245,4,1,10,stimuli/main/ref_images/img_10_305.png,stimuli/main/test_images/img_10_455.png,-1,-1,-1,1
246,4,0,16,stimuli/main/ref_images/img_10_104.png,stimuli/main/test_images/img_16_454.png,-1,-1,-1,1
247,4,1,5,stimuli/main/ref_images/img_10_344.png,stimuli/main/test_images/img_05_494.png,-1,-1,-1,1
248,4,1,6,stimuli/main/ref_images/img_10_212.png,stimuli/main/test_images/img_06_462.png,-1,-1,-1,1
249,4,0,16,stimuli/main/ref_images/img_10_349.png,stimuli/main/test_images/img_16_499.png,-1,-1,-1,1
250,4,1,5,stimuli/main/ref_images/img_10_288.png,stimuli/main/test_images/img_05_488.png,-1,-1,-1,1
251,4,0,20,stimuli/main/ref_images/img_10_189.png,stimuli/main/test_images/img_20_489.png,-1,-1,-1,1
252,4,1,12,stimuli/main/ref_images/img_10_117.png,stimuli/main/test_images/img_12_467.png,-1,-1,-1,0
253,4,1,6,stimuli/main/ref_images/img_10_037.png,stimuli/main/test_images/img_06_487.png,-1,-1,-1,1
254,4,0,8,stimuli/main/ref_images/img_10_045.png,stimuli/main/test_images/img_08_495.png,-1,-1,-1,0
255,4,0,6,stimuli/main/ref_images/img_10_240.png,stimuli/main/test_images/img_06_490.png,-1,-1,-1,0
256,4,1,8,stimuli/main/ref_images/img_10_332.png,stimuli/main/test_images/img_08_482.png,-1,-1,-1,1
257,4,1,16,stimuli/main/ref_images/img_10_020.png,stimuli/main/test_images/img_16_470.png,-1,-1,-1,0
258,4,0,12,stimuli/main/ref_images/img_10_306.png,stimuli/main/test_images/img_12_456.png,-1,-1,-1,1
259,4,0,5,stimuli/main/ref_images/img_10_092.png,stimuli/main/test_images/img_05_492.png,-1,-1,-1,0
260,4,1,8,stimuli/main/ref_images/img_10_164.png,stimuli/main/test_images/img_08_464.png,-1,-1,-1,1
261,4,1,6,stimuli/main/ref_images/img_10_142.png,stimuli/main/test_images/img_06_492.png,-1,-1,-1,1
262,4,0,20,stimuli/main/ref_images/img_10_182.png,stimuli/main/test_images/img_20_482.png,-1,-1,-1,1
263,4,0,16,stimuli/main/ref_images/img_10_041.png,stimuli/main/test_images/img_16_491.png,-1,-1,-1,1
264,4,0,10,stimuli/main/ref_images/img_10_032.png,stimuli/main/test_images/img_10_482.png,-1,-1,-1,0
265,4,1,8,stimuli/main/ref_images/img_10_031.png,stimuli/main/test_images/img_08_481.png,-1,-1,-1,1
266,4,1,10,stimuli/main/ref_images/img_10_221.png,stimuli/main/test_images/img_10_471.png,-1,-1,-1,1
267,4,1,12,stimuli/main/ref_images/img_10_215.png,stimuli/main/test_images/img_12_465.png,-1,-1,-1,0
268,4,0,12,stimuli/main/ref_images/img_10_047.png,stimuli/main/test_images/img_12_497.png,-1,-1,-1,1
269,4,0,16,stimuli/main/ref_images/img_10_293.png,stimuli/main/test_images/img_16_493.png,-1,-1,-1,1
270,4,0,16,stimuli/main/ref_images/img_10_188.png,stimuli/main/test_images/img_16_488.png,-1,-1,-1,1
271,4,0,8,stimuli/main/ref_images/img_10_157.png,stimuli/main/test_images/img_08_457.png,-1,-1,-1,0
272,4,0,10,stimuli/main/ref_images/img_10_158.png,stimuli/main/test_images/img_10_458.png,-1,-1,-1,0
273,4,0,5,stimuli/main/ref_images/img_10_155.png,stimuli/main/test_images/img_05_455.png,-1,-1,-1,0
274,4,0,12,stimuli/main/ref_images/img_10_131.png,stimuli/main/test_images/img_12_481.png,-1,-1,-1,1
275,4,1,16,stimuli/main/ref_images/img_10_062.png,stimuli/main/test_images/img_16_462.png,-1,-1,-1,0
276,4,0,6,stimuli/main/ref_images/img_10_170.png,stimuli/main/test_images/img_06_470.png,-1,-1,-1,0
277,4,0,8,stimuli/main/ref_images/img_10_304.png,stimuli/main/test_images/img_08_454.png,-1,-1,-1,0
278,4,1,12,stimuli/main/ref_images/img_10_243.png,stimuli/main/test_images/img_12_493.png,-1,-1,-1,0
279,4,0,12,stimuli/main/ref_images/img_10_236.png,stimuli/main/test_images/img_12_486.png,-1,-1,-1,1
280,4,1,12,stimuli/main/ref_images/img_10_264.png,stimuli/main/test_images/img_12_464.png,-1,-1,-1,0
281,5,0,8,stimuli/main/ref_images/img_10_311.png,stimuli/main/test_images/img_08_461.png,-1,-1,-1,0
282,5,0,12,stimuli/main/ref_images/img_10_180.png,stimuli/main/test_images/img_12_480.png,-1,-1,-1,1
283,5,1,20,stimuli/main/ref_images/img_10_266.png,stimuli/main/test_images/img_20_466.png,-1,-1,-1,0
284,5,0,8,stimuli/main/ref_images/img_10_276.png,stimuli/main/test_images/img_08_476.png,-1,-1,-1,0
285,5,1,6,stimuli/main/ref_images/img_10_149.png,stimuli/main/test_images/img_06_499.png,-1,-1,-1,1
286,5,0,8,stimuli/main/ref_images/img_10_150.png,stimuli/main/test_images/img_08_500.png,-1,-1,-1,0
287,5,1,16,stimuli/main/ref_images/img_10_265.png,stimuli/main/test_images/img_16_465.png,-1,-1,-1,0
288,5,1,8,stimuli/main/ref_images/img_10_059.png,stimuli/main/test_images/img_08_459.png,-1,-1,-1,1
289,5,1,6,stimuli/main/ref_images/img_10_233.png,stimuli/main/test_images/img_06_483.png,-1,-1,-1,1
290,5,1,5,stimuli/main/ref_images/img_10_022.png,stimuli/main/test_images/img_05_472.png,-1,-1,-1,1
291,5,0,6,stimuli/main/ref_images/img_10_051.png,stimuli/main/test_images/img_06_451.png,-1,-1,-1,0
292,5,0,16,stimuli/main/ref_images/img_10_013.png,stimuli/main/test_images/img_16_463.png,-1,-1,-1,1
293,5,0,12,stimuli/main/ref_images/img_10_271.png,stimuli/main/test_images/img_12_471.png,-1,-1,-1,1
294,5,1,5,stimuli/main/ref_images/img_10_078.png,stimuli/main/test_images/img_05_478.png,-1,-1,-1,1
295,5,1,12,stimuli/main/ref_images/img_10_145.png,stimuli/main/test_images/img_12_495.png,-1,-1,-1,0
296,5,0,10,stimuli/main/ref_images/img_10_025.png,stimuli/main/test_images/img_10_475.png,-1,-1,-1,0
297,5,1,10,stimuli/main/ref_images/img_10_074.png,stimuli/main/test_images/img_10_474.png,-1,-1,-1,1
298,5,1,10,stimuli/main/ref_images/img_10_172.png,stimuli/main/test_images/img_10_472.png,-1,-1,-1,1
299,5,1,8,stimuli/main/ref_images/img_10_094.png,stimuli/main/test_images/img_08_494.png,-1,-1,-1,1
300,5,0,12,stimuli/main/ref_images/img_10_103.png,stimuli/main/test_images/img_12_453.png,-1,-1,-1,1
301,5,1,8,stimuli/main/ref_images/img_10_297.png,stimuli/main/test_images/img_08_497.png,-1,-1,-1,1
302,5,1,12,stimuli/main/ref_images/img_10_285.png,stimuli/main/test_images/img_12_485.png,-1,-1,-1,0
303,5,1,6,stimuli/main/ref_images/img_10_282.png,stimuli/main/test_images/img_06_482.png,-1,-1,-1,1
304,5,1,20,stimuli/main/ref_images/img_10_105.png,stimuli/main/test_images/img_20_455.png,-1,-1,-1,0
305,5,1,8,stimuli/main/ref_images/img_10_269.png,stimuli/main/test_images/img_08_469.png,-1,-1,-1,1
306,5,0,12,stimuli/main/ref_images/img_10_327.png,stimuli/main/test_images/img_12_477.png,-1,-1,-1,1
307,5,0,10,stimuli/main/ref_images/img_10_340.png,stimuli/main/test_images/img_10_490.png,-1,-1,-1,0
308,5,1,12,stimuli/main/ref_images/img_10_089.png,stimuli/main/test_images/img_12_489.png,-1,-1,-1,0
309,5,0,6,stimuli/main/ref_images/img_10_338.png,stimuli/main/test_images/img_06_488.png,-1,-1,-1,0
310,5,0,20,stimuli/main/ref_images/img_10_133.png,stimuli/main/test_images/img_20_483.png,-1,-1,-1,1
311,5,0,6,stimuli/main/ref_images/img_10_128.png,stimuli/main/test_images/img_06_478.png,-1,-1,-1,0
312,5,0,20,stimuli/main/ref_images/img_10_168.png,stimuli/main/test_images/img_20_468.png,-1,-1,-1,1
313,5,1,20,stimuli/main/ref_images/img_10_042.png,stimuli/main/test_images/img_20_492.png,-1,-1,-1,0
314,5,0,6,stimuli/main/ref_images/img_10_058.png,stimuli/main/test_images/img_06_458.png,-1,-1,-1,0
315,5,1,8,stimuli/main/ref_images/img_10_101.png,stimuli/main/test_images/img_08_451.png,-1,-1,-1,1
316,5,0,8,stimuli/main/ref_images/img_10_255.png,stimuli/main/test_images/img_08_455.png,-1,-1,-1,0
317,5,0,12,stimuli/main/ref_images/img_10_292.png,stimuli/main/test_images/img_12_492.png,-1,-1,-1,1
318,5,0,16,stimuli/main/ref_images/img_10_111.png,stimuli/main/test_images/img_16_461.png,-1,-1,-1,1
319,5,1,5,stimuli/main/ref_images/img_10_302.png,stimuli/main/test_images/img_05_452.png,-1,-1,-1,1
320,5,1,10,stimuli/main/ref_images/img_10_060.png,stimuli/main/test_images/img_10_460.png,-1,-1,-1,1
321,5,1,5,stimuli/main/ref_images/img_10_323.png,stimuli/main/test_images/img_05_473.png,-1,-1,-1,1
322,5,0,16,stimuli/main/ref_images/img_10_174.png,stimuli/main/test_images/img_16_474.png,-1,-1,-1,1
323,5,0,16,stimuli/main/ref_images/img_10_307.png,stimuli/main/test_images/img_16_457.png,-1,-1,-1,1
324,5,1,16,stimuli/main/ref_images/img_10_272.png,stimuli/main/test_images/img_16_472.png,-1,-1,-1,0
325,5,0,20,stimuli/main/ref_images/img_10_175.png,stimuli/main/test_images/img_20_475.png,-1,-1,-1,1
326,5,1,5,stimuli/main/ref_images/img_10_001.png,stimuli/main/test_images/img_05_451.png,-1,-1,-1,1
327,5,0,8,stimuli/main/ref_images/img_10_248.png,stimuli/main/test_images/img_08_498.png,-1,-1,-1,0
328,5,1,12,stimuli/main/ref_images/img_10_040.png,stimuli/main/test_images/img_12_490.png,-1,-1,-1,0
329,5,0,5,stimuli/main/ref_images/img_10_239.png,stimuli/main/test_images/img_05_489.png,-1,-1,-1,0
330,5,0,5,stimuli/main/ref_images/img_10_071.png,stimuli/main/test_images/img_05_471.png,-1,-1,-1,0
331,5,1,16,stimuli/main/ref_images/img_10_006.png,stimuli/main/test_images/img_16_456.png,-1,-1,-1,0
332,5,0,6,stimuli/main/ref_images/img_10_303.png,stimuli/main/test_images/img_06_453.png,-1,-1,-1,0
333,5,1,5,stimuli/main/ref_images/img_10_106.png,stimuli/main/test_images/img_05_456.png,-1,-1,-1,1
334,5,1,12,stimuli/main/ref_images/img_10_061.png,stimuli/main/test_images/img_12_461.png,-1,-1,-1,0
335,5,0,16,stimuli/main/ref_images/img_10_153.png,stimuli/main/test_images/img_16_453.png,-1,-1,-1,1
336,5,1,5,stimuli/main/ref_images/img_10_211.png,stimuli/main/test_images/img_05_461.png,-1,-1,-1,1
337,5,0,20,stimuli/main/ref_images/img_10_217.png,stimuli/main/test_images/img_20_467.png,-1,-1,-1,1
338,5,1,20,stimuli/main/ref_images/img_10_084.png,stimuli/main/test_images/img_20_484.png,-1,-1,-1,0
339,5,0,5,stimuli/main/ref_images/img_10_183.png,stimuli/main/test_images/img_05_483.png,-1,-1,-1,0
340,5,1,16,stimuli/main/ref_images/img_10_125.png,stimuli/main/test_images/img_16_475.png,-1,-1,-1,0
341,5,0,10,stimuli/main/ref_images/img_10_214.png,stimuli/main/test_images/img_10_464.png,-1,-1,-1,0
342,5,0,16,stimuli/main/ref_images/img_10_244.png,stimuli/main/test_images/img_16_494.png,-1,-1,-1,1
343,5,0,10,stimuli/main/ref_images/img_10_242.png,stimuli/main/test_images/img_10_492.png,-1,-1,-1,0
344,5,1,20,stimuli/main/ref_images/img_10_147.png,stimuli/main/test_images/img_20_497.png,-1,-1,-1,0
345,5,0,6,stimuli/main/ref_images/img_10_163.png,stimuli/main/test_images/img_06_463.png,-1,-1,-1,0
346,5,1,20,stimuli/main/ref_images/img_10_231.png,stimuli/main/test_images/img_20_481.png,-1,-1,-1,0
347,5,0,10,stimuli/main/ref_images/img_10_109.png,stimuli/main/test_images/img_10_459.png,-1,-1,-1,0
348,5,0,20,stimuli/main/ref_images/img_10_259.png,stimuli/main/test_images/img_20_459.png,-1,-1,-1,1
349,5,1,8,stimuli/main/ref_images/img_10_220.png,stimuli/main/test_images/img_08_470.png,-1,-1,-1,1
350,5,1,16,stimuli/main/ref_images/img_10_237.png,stimuli/main/test_images/img_16_487.png,-1,-1,-1,0
